agucugab = agucugab <agucugab@eaudeweb.ro>
andredor = andredor <andredor@eaudeweb.ro>
antonio = Antonio De Marinis <antonio.demarinis@eea.europa.eu>
baciuadr = baciuadr <baciuadr@eaudeweb.ro>
baragdan = Daniel Baragan <daniel.baragan@eaudeweb.ro>
batradav = David Batranu <david.batranu@eaudeweb.ro>
bogdatan = Bogdan Tanase <bogdan.tanase@eaudeweb.ro>
bulanmir = Miruna Badescu <miruna.badescu@eaudeweb.ro>
catardra = Dragos Catarahia <dragos.catarahia@eaudeweb.ro>
chiridra = Dragos Chiriac <dragos.chiriac@eaudeweb.ro>
ciobabog = Bogdan Ciobanu <bogdan.ciobanu@eaudeweb.ro>
ciobamar = ciobamar <ciobamar@eaudeweb.ro>
ciupicri = ciupicri <ciupicri@eaudeweb.ro>
cmg = cmg <cmg@eaudeweb.ro>
cupceant = cupceant <cupceant@eaudeweb.ro>
dascalu = Adrian Dascalu <Adrian.Dascalu@eea.europa.eu>
demarant = Antonio De Marinis <Antonio.DeMarinis@eea.europa.eu>
dincamih = Mihai Dinca <mihai.dinca@eaudeweb.ro>
dumitval = Valentin Dumitru <valentin.dumitru@eaudeweb.ro>
finrocvs = finrocvs <finrocvs@eaudeweb.ro>
ghicaale = Alec Ghica <alec.ghica@eaudeweb.ro>
lehelkac = lehelkac <lehelkac@eaudeweb.ro>
mihaitab = Mihai Tabara <mihai.tabara@eaudeweb.ro>
moregale = Alex Morega <alex@grep.ro>
nituacor = Cornel Nitu <cornel.nitu@eaudeweb.ro>
nygaakr = nygaakr <nygaakr@eaudeweb.ro>
pasoviul = Iulia Pasov <iulia.pasov@eaudeweb.ro>
pavelraz = pavelraz <pavelraz@eaudeweb.ro>
plugaale = Alex Plugaru <alex.plugaru@eaudeweb.ro>
romancri = Cristian Romanescu <cristian.romanescu@eaudeweb.ro>
roug = Søren Roug <soren.roug@eea.europa.eu>
simiamih = Mihnea Simian <mihnea.simian@eaudeweb.ro>
soniaand = Sonia Andriu <sonia.andriu@eaudeweb.ro>
stancgab = Gabriel Stancu <gabriel.stancu@eaudeweb.ro>
tiberich = Tiberiu Ichim <tiberiu.ichim@eaudeweb.ro>
voineali = Alin Voinea <alin.voinea@eaudeweb.ro>
